Time,Bps
0,50448
1,49520
2,46208
3,30464
4,16896
5,14864
6,82976
7,45552
8,32144
9,30912
10,42976
11,48064
12,51408
13,27680
14,13680
15,14640
16,14384
17,42768
18,41872
19,28176
20,49520
21,118704
22,49504
23,23936
24,11856
25,14112
26,68480
27,35328
28,37744
29,32832
30,48096
31,48160
32,46224
33,20752
34,366672
35,11328
36,95456
37,55136
38,32720
39,39904
40,45808
41,51904
42,44896
43,17072
44,15936
45,13056
46,17712
47,45696
48,35472
49,48456
50,46840
51,45680
52,121312
53,22608
54,13808
55,13584
56,26464
57,42880
58,32320
59,34544
60,51904
61,45408
62,41056
63,22208
64,14112
65,11328
66,31232
67,111776
68,30832
69,34672
70,43552
71,51904
72,69784
73,57480
74,13584
75,10272
76,31632
77,44736
78,25296
79,27360
80,52592
81,35680
82,118128
83,17696
84,14640
85,13488
86,26960
87,42752
88,29936
89,42496
90,49520
91,41568
92,45744
93,15792
94,11328
95,13584
96,32992
97,107072
98,32192
99,38384
100,49952
101,48160
102,41200
103,17376
104,14112
105,10800
106,188656
107,42352
108,25296
109,41600
110,45776
111,52048
112,110592
113,12912
114,14544
115,14880
116,29904
117,46992
118,22512
119,46768
120,48128
121,43024
122,43984
123,14640
124,11856
125,13056
126,33920
127,45760
128,92960
129,43824
130,49520
131,43456
132,44880
133,12384
134,13584
135,10800
136,44752
137,36880
138,25824
139,42096
140,48064
141,53248
142,34288
143,84560
144,13584
145,10272
146,40912
147,38368
148,31408
149,41024
150,43952
151,49152
152,39616
153,17280
154,14608
155,14352
156,38656
157,43024
158,103840
159,43824
160,43008
161,43824
162,36992
163,13152
164,172072
165,18112
166,46112
167,32240
168,29264
169,55840
170,48624
171,31984
172,30000
173,81776
174,15168
175,14528
176,42768
177,36384
178,26352
179,44336
180,48992
181,51408
182,27648
183,14640
184,15168
185,19296
186,38656
187,40096
188,28336
189,116560
190,46288
191,49952
192,27248
193,14112
194,13584
195,17312
196,44096
197,39200
198,32016
199,44352
200,48592
201,44368
202,26320
203,12000
204,83504
205,25312
206,41392
207,30416
208,29536
209,50576
210,46736
211,48080
212,26320
213,14112
214,11328
215,26736
216,41424
217,34560
218,25392
219,119568
220,51904
221,48608
222,24192
223,12288
224,13056
225,24848
226,47120
227,55328
228,30960
229,45152
230,45680
231,49008
232,21680
233,14112
234,84928
235,32176
236,44864
237,31520
238,41680
239,43824
240,46208
241,44416
242,13680
243,10800
244,16784
245,32160
246,29296
247,32720
248,35712
249,118016
250,50016
251,40672
252,15168
253,14112
254,15056
255,33488
256,52592
257,17840
258,40096
259,48992
260,51408
261,32416
262,15168
263,14112
264,299344
265,36800
266,188080
267,17968
268,46448
269,49056
270,46208
271,39616
272,16656
273,13584
274,16256
275,39584
276,45296
277,23696
278,46304
279,115040
280,43024
281,41200
282,12384
283,13056
284,14000
285,40016
286,45136
287,19824
288,45264
289,45408
290,52320
291,33760
292,14112
293,11328
294,15056
295,113744
296,45424
297,18368
298,41952
299,50576
300,50464
301,31504
302,14112
303,15312
304,14000
305,39184
306,46752
307,22608
308,42480
309,41968
310,120496
311,35664
312,13680
313,13056
314,16784
315,39584
316,46352
317,24464
318,49520
319,41152
320,45600
321,32800
322,11328
323,13056
324,16784
325,113920
326,43008
327,17968
328,49952
329,41520
330,32496
331,38816
332,14112
333,11328
334,16784
335,36800
336,45168
337,20752
338,38240
339,49520
340,47264
341,112464
342,12912
343,16128
344,16352
345,33520
346,46864
347,20752
348,43936
349,42368
350,43424
351,44384
352,12384
353,13584
354,14960
355,29744
356,121584
357,22608
358,38768
359,45808
360,48064
361,42528
362,12816
363,13152
364,12528
365,142400
366,46128
367,87584
368,43840
369,48992
370,46208
371,116816
372,15072
373,14496
374,15728
375,30304
376,48480
377,22208
378,37840
379,46208
380,45808
381,44896
382,16112
383,11760
384,14352
385,24224
386,52720
387,99952
388,33328
389,48064
390,40640
391,44896
392,23408
393,11328
394,14000
395,27024
396,41392
397,37088
398,29488
399,49520
400,51904
401,30912
402,16656
403,82736
404,12624
405,23296
406,50336
407,30464
408,18992
409,40624
410,47136
411,53264
412,27776
413,15168
414,16368
415,16784
416,36800
417,45296
418,94384
419,48192
420,39168
421,34544
422,49552
423,12384
424,14112
425,14960
426,37696
427,34016
428,32032
429,42080
430,44352
431,46736
432,59552
433,80720
434,12528
435,27536
436,39040
437,35664
438,26272
439,51376
440,43296
441,43872
442,25360
443,11760
444,14352
445,14528
446,41440
447,46752
448,92128
449,55104
450,36256
451,42528
452,38912
453,14784
454,10800
455,19584
456,25456
457,42768
458,23984
459,50016
460,49520
461,49536
462,22480
463,15168
464,84032
465,14528
466,47936
467,38288
468,23024
469,40720
470,46208
471,51936
472,29632
473,14640
474,15312
475,12528
476,31248
477,50320
478,24080
479,116656
480,39168
481,40112
482,47168
483,12384
484,12288
485,21936
486,37328
487,33200
488,35232
489,39696
490,47536
491,43840
492,38784
493,15168
494,12384
495,90032
496,31360
497,48592
498,26864
499,29232
500,49664
501,46224
502,43152
503,14640
504,13488
505,15296
506,30976
507,46736
508,30608
509,36480
510,110464
511,38336
512,50064
513,25808
514,13584
515,14000
516,23312
517,43376
518,35664
519,32240
520,45680
521,47648
522,43440
523,21696
524,14112
525,82448
526,24352
527,51376
528,17536
529,40144
530,45152
531,44864
532,48208
533,21168
534,5040
535,12288
536,16352
537,39056
538,41040
539,33360
540,35984
541,115616
542,41952
543,42672
544,12912
545,12384
546,19712
547,33488
548,44624
549,23024
550,53760
551,47648
552,39200
553,28976
554,19696
555,11328
556,83920
557,44752
558,39616
559,21536
560,32272
561,50320
562,48464
563,39344
564,14544
565,15408
566,10272
567,23824
568,54048
569,28192
570,33728
571,41024
572,111472
573,51408
574,17968
575,13584
576,16256
577,19840
578,39696
579,44000
580,26304
581,44368
582,43376
583,40528
584,32832
585,11856
586,13056
587,16784
588,118912
589,39200
590,22224
591,47120
592,41952
593,42128
594,24560
595,14112
596,11328
597,17312
598,44128
599,39696
600,24480
601,44864
602,47120
603,111904
604,35088
605,12384
606,15840
607,14000
608,44752
609,40128
610,24480
611,45792
612,38640
613,47152
614,36944
615,12816
616,13152
617,15856
618,36272
619,118928
620,24480
621,44336
622,47120
623,49008
624,28064
625,14640
626,11328
627,16256
628,40512
629,46272
630,19392
631,33200
632,46496
633,42048
634,113904
635,16544
636,15408
637,16256
638,30304
639,51536
640,23552
641,44864
642,34928
643,35984
644,44368
645,25408
646,11328
647,16256
648,22784
649,39008
650,108848
651,29120
652,47648
653,45664
654,30560
655,39488
656,11856
657,10800
658,17168
659,58448
660,17504
661,19712
662,44208
663,48976
664,48080
665,96384
666,18448
667,14640
668,14528
669,44224
670,43856
671,24480
672,44864
673,35328
674,50864
675,31392
676,14208
677,13584
678,16256
679,33488
680,54592
681,90688
682,44864
683,45264
684,45552
685,33360
686,13056
687,14112
688,17312
689,42768
690,46240
691,23552
692,46880
693,44704
694,41456
695,32688
696,84032
697,11856
698,18640
699,45712
700,45296
701,23008
702,42080
703,46592
704,47552
705,25264
706,13056
707,13056
708,16384
709,48864
710,44544
711,94096
712,43808
713,43280
714,49536
715,23408
716,13584
717,13472
718,23280
719,46608
720,38960
721,30016
722,38768
723,47520
724,48080
725,19824
726,84032
727,14528
728,32160
729,44240
730,35232
731,35328
732,39568
733,42480
734,45696
735,20224
736,11328
737,14000
738,26064
739,46496
740,25104
741,34976
742,118384
743,33808
744,45728
745,19792
746,14640
747,13584
748,28336
749,40912
750,40160
751,29088
752,41024
753,42880
754,47152
755,20224
756,14640
757,82976
758,20624
759,50864
760,42544
761,23952
762,43904
763,41424
764,43840
765,27248
766,14640
767,14112
768,20544
769,40864
770,46656
771,27248
772,114256
773,41952
774,51456
775,23408
776,11856
777,14256
778,26608
779,47952
780,38448
781,23488
782,49504
783,40096
784,47552
785,19296
786,15312
787,81776
788,25680
789,44624
790,41216
791,31904
792,38736
793,47120
794,46224
795,20224
796,11328
797,16256
798,24208
799,50864
800,33776
801,31872
802,118368
803,41056
804,42080
805,18400
806,15936
807,15088
808,30576
809,43712
810,35760
811,31344
812,41952
813,48976
814,40656
815,20224
816,11328
817,16256
818,99424
819,55120
820,26336
821,31344
822,47024
823,41392
824,42112
825,17968
826,15840
827,15056
828,34016
829,24544
830,49232
831,37712
832,40096
833,115712
834,26416
835,20224
836,12384
837,16784
838,31632
839,54064
840,25440
841,40224
842,47648
843,40096
844,39344
845,14640
846,14112
847,14528
848,139152
849,39616
850,41152
851,39568
852,47792
853,36944
854,18368
855,11328
856,16688
857,33056
858,52736
859,22624
860,39296
861,45696
862,113424
863,42128
864,12816
865,15408
866,14528
867,32160
868,43312
869,33376
870,38768
871,40096
872,47120
873,36848
874,19792
875,11328
876,16784
877,33488
878,121232
879,25248
880,34128
881,46592
882,40528
883,38368
884,20224
885,14112
886,14528
887,34016
888,45264
889,30992
890,33104
891,40992
892,48976
893,109776
894,20224
895,11760
896,18080
897,28048
898,53936
899,26768
900,34624
901,46464
902,38768
903,42112
904,20224
905,13584
906,14528
907,26592
908,46496
909,106208
910,35056
911,43808
912,35664
913,38800
914,30352
915,10800
916,18512
917,26720
918,37552
919,32720
920,32800
921,48736
922,40864
923,40256
924,89616
925,14112
926,14528
927,31632
928,45168
929,32624
930,29456
931,47648
932,46592
933,39232
934,19792
935,14112
936,16784
937,33184
938,50752
939,97600
940,38368
941,41056
942,47088
943,40800
944,14640
945,13584
946,14432
947,29744
948,54064
949,24080
950,39696
951,47120
952,43808
953,35088
954,87360
955,13584
956,16256
957,39984
958,48496
959,22368
960,46848
961,40528
962,47120
963,33216
964,14640
965,11328
966,20544
967,39008
968,45840
969,93776
970,42080
971,48448
972,46224
973,27648
974,13488
975,14880
976,14528
977,48464
978,43456
979,21696
980,46192
981,41424
982,49536
983,27648
984,84032
985,10800
986,26608
987,46048
988,41344
989,32544
990,43808
991,46992
992,43040
993,17968
994,11760
995,18608
996,31760
997,51280
998,25808
999,111472
1000,41424
1001,43280
1002,38320
1003,19840
1004,11856
1005,15056
1006,41872
1007,49520
1008,22096
1009,40624
1010,48976
1011,48608
1012,29504
1013,11328
1014,82880
1015,17680
1016,53248
1017,41216
1018,26304
1019,50240
1020,39568
1021,47680
1022,22112
1023,15408
1024,10272
1025,22896
1026,39040
1027,48240
1028,11552
1029,110608
1030,61296
1031,41984
1032,29504
1033,11328
1034,12528
1035,16784
1036,35712
1037,43824
1038,24080
1039,48176
1040,39712
1041,50352
1042,25792
1043,14640
1044,81776
1045,23696
1046,42752
1047,39232
1048,28960
1049,46336
1050,48464
1051,42416
1052,21216
1053,12288
1054,18080
1055,26192
1056,48912
1057,29488
1058,30416
1059,114256
1060,40912
1061,47680
1062,20224
1063,13584
1064,14528
1065,26064
1066,43296
1067,34704
1068,33200
1069,44608
1070,47536
1071,41984
1072,17440
1073,10800
1074,17984
1075,96112
1076,48880
1077,30048
1078,36512
1079,45136
1080,38928
1081,43968
1082,20656
1083,13680
1084,14528
1085,30304
1086,41968
1087,32848
1088,29360
1089,43408
1090,120768
1091,42944
1092,19792
1093,13584
1094,12528
1095,29392
1096,51264
1097,27664
1098,32800
1099,39568
1100,43824
1101,49632
1102,20224
1103,13584
1104,14432
1105,98336
1106,45280
1107,30992
1108,33072
1109,42880
1110,46880
1111,43840
1112,19824
1113,13584
1114,16784
1115,28048
1116,41968
1117,35104
1118,34128
1119,43280
1120,113744
1121,41584
1122,21952
1123,11328
1124,15056
1125,25968
1126,45248
1127,34576
1128,28960
1129,47920
1130,38064
1131,38800
1132,17968
1133,14640
1134,16784
1135,31232
1136,116432
1137,27664
1138,37840
1139,36784
1140,48464
1141,42784
1142,20624
1143,11856
1144,16784
1145,23680
1146,52192
1147,27664
1148,31616
1149,58288
1150,139536
1151,25392
1152,12288
1153,14880
1154,20640
1155,45664
1156,40672
1157,29088
1158,42752
1159,40640
1160,53264
1161,20656
1162,13152
1163,14000
1164,27920
1165,113216
1166,30880
1167,30784
1168,46592
1169,49936
1170,32224
1171,28928
1172,2256
1173,13056
1174,28864
1175,43296
1176,32176
1177,36512
1178,36816
1179,42880
1180,49536
1181,90672
1182,14640
1183,10800
1184,19040
1185,46608
1186,42672
1187,23392
1188,47120
1189,50336
1190,39200
1191,25392
1192,14640
1193,13056
1194,27008
1195,43824
1196,101280
1197,30432
1198,40368
1199,43296
1200,51408
1201,22080
1202,14112
1203,13056
1204,18112
1205,47136
1206,38416
1207,31344
1208,40096
1209,41968
1210,49424
1211,95312
1212,11328
1213,16784
1214,18112
1215,38912
1216,42640
1217,28576
1218,47120
1219,45696
1220,36848
1221,32656
1222,11856
1223,10800
1224,21968
1225,41856
1226,35056
1227,94384
1228,28560
1229,46608
1230,51376
1231,38800
1232,23424
1233,15984
1234,10272
1235,25680
1236,50336
1237,28176
1238,35056
1239,38112
1240,47152
1241,47680
1242,20224
1243,84560
1244,10704
1245,18608
1246,42896
1247,43984
1248,27632
1249,41424
1250,36256
1251,35024
1252,48416
1253,11328
1254,2688
1255,16880
1256,40944
1257,41952
1258,93456
1259,49920
1260,41968
1261,47680
1262,31360
1263,14640
1264,11328
1265,16784
1266,33488
1267,50336
1268,22080
1269,40640
1270,47664
1271,42480
1272,36944
1273,16112
1274,83936
1275,16352
1276,27920
1277,43296
1278,30976
1279,42768
1280,41072
1281,56928
1282,43312
1283,21552
1284,10800
1285,14528
1286,26496
1287,54480
1288,29072
1289,101264
1290,49520
1291,49520
1292,33072
1293,19168
1294,13056
1295,10800
1296,29392
1297,52752
1298,29904
1299,29488
1300,44352
1301,49520
1302,39696
1303,15488
1304,15312
1305,82544
1306,16784
1307,50368
1308,42640
1309,29488
1310,42928
1311,33216
1312,41520
1313,35472
1314,11328
1315,25584
1316,7312
1317,32560
1318,37840
1319,27248
1320,120784
1321,44352
1322,46192
1323,26992
1324,15056
1325,20656
1326,18512
1327,36000
1328,42480
1329,20624
1330,34944
1331,49520
1332,40624
1333,38384
1334,17840
1335,23872
1336,84128
1337,21152
1338,43824
1339,34544
1340,35472
1341,41584
1342,39680
1343,43808
1344,22496
1345,14112
1346,21184
1347,18272
1348,39680
1349,40624
1350,28576
1351,43824
1352,120784
1353,40496
1354,23968
1355,17408
1356,23440
1357,12000
1358,48992
1359,34944
1360,25248
1361,48992
1362,44368
1363,55280
1364,23424
1365,14112
1366,23968
1367,81248
1368,43824
1369,37856
1370,35072
1371,41040
1372,44624
1373,45664
1374,20624
1375,20656
1376,18272
1377,15408
1378,39712
1379,38240
1380,32832
1381,51376
1382,114672
1383,34528
1384,24336
1385,17312
1386,21184
1387,17296
1388,41968
1389,38256
1390,17120
1391,60048
1392,47664
1393,40096
1394,8272
1395,27680
1396,11584
1397,87344
1398,47040
1399,30800
1400,30304
1401,47136
1402,44352
1403,42080
1404,23424
1405,17312
1406,19184
1407,13584
1408,46608
1409,32288
1410,36400
1411,42928
1412,43392
1413,110544
1414,26736
1415,17888
1416,17408
1417,15840
1418,47680
1419,34144
1420,36000
1421,46208
1422,44352
1423,36912
1424,22880
1425,15056
1426,21184
1427,17296
1428,114272
1429,36400
1430,27120
1431,50848
1432,46240
1433,39664
1434,21424
1435,17312
1436,20656
1437,11328
1438,43824
1439,40112
1440,17824
1441,45168
1442,49520
1443,45792
1444,95184
1445,17312
1446,22384
1447,13056
1448,38656
1449,40144
1450,28976
1451,46176
1452,43824
1453,43936
1454,26208
1455,14112
1456,23440
1457,13584
1458,40112
1459,111488
1460,36528
1461,42496
1462,77024
1463,30976
1464,15584
1465,21712
1466,13584
1467,28656
1468,39600
1469,24848
1470,51376
1471,46240
1472,42448
1473,96768
1474,17312
1475,21184
1476,11856
1477,41440
1478,38240
1479,19168
1480,43040
1481,50848
1482,47648
1483,27120
1484,18272
1485,22480
1486,14112
1487,28048
1488,47120
1489,92432
1490,44336
1491,46208
1492,45792
1493,38704
1494,17840
1495,22912
1496,14112
1497,22336
1498,48992
1499,26720
1500,44368
1501,46080
1502,45792
1503,32688
1504,85504
1505,21184
1506,16368
1507,21808
1508,45680
1509,27392
1510,47680
1511,45680
1512,44336
1513,28960
1514,22896
1515,20656
1516,12912
1517,22864
1518,49392
1519,25264
1520,105536
1521,51376
1522,47664
1523,38256
1524,18272
1525,15408
1526,21184
1527,18224
1528,45680
1529,28576
1530,26832
1531,35040
1532,45280
1533,45264
1534,21552
1535,88176
1536,19184
1537,15840
1538,35472
1539,43424
1540,25264
1541,51376
1542,40640
1543,39168
1544,30432
1545,17312
1546,20656
1547,12288
1548,38624
1549,36784
1550,24864
1551,116672
1552,48992
1553,42480
1554,29008
1555,19664
1556,21328
1557,14112
1558,38656
1559,41968
1560,28976
1561,36400
1562,48064
1563,43936
1564,28976
1565,15584
1566,92832
1567,14112
1568,26864
1569,47648
1570,19696
1571,53920
1572,40544
1573,40624
1574,37824
1575,15584
1576,22912
1577,11856
1578,28880
1579,41392
1580,26720
1581,45696
1582,112016
1583,49504
1584,31216
1585,21040
1586,21184
1587,14112
1588,28048
1589,45664
1590,23808
1591,39728
1592,48192
1593,43808
1594,36000
1595,17312
1596,19040
1597,86848
1598,22896
1599,45248
1600,24864
1601,48480
1602,37584
1603,47136
1604,36912
1605,21168
1606,11584
1607,14112
1608,14912
1609,48464
1610,30832
1611,41584
1612,114800
1613,42384
1614,38336
1615,21600
1616,23008
1617,12288
1618,29872
1619,41824
1620,24864
1621,41456
1622,45808
1623,44336
1624,38816
1625,19664
1626,21184
1627,14640
1628,91584
1629,43824
1630,30832
1631,32688
1632,49424
1633,46448
1634,38800
1635,21136
1636,23344
1637,13680
1638,21008
1639,47136
1640,27120
1641,44368
1642,42480
1643,117584
1644,34528
1645,18784
1646,22912
1647,14112
1648,27920
1649,49504
1650,21552
1651,49936
1652,44384
1653,38736
1654,36000
1655,17840
1656,21184
1657,14640
1658,105792
1659,38240
1660,24864
1661,47024
1662,48192
1663,42480
1664,30832
1665,17840
1666,21088
1667,13152
1668,35344
1669,41552
1670,21424
1671,47152
1672,40640
1673,117568
1674,32688
1675,17840
1676,22912
1677,11856
1678,32832
1679,45264
1680,21552
1681,48080
1682,44352
1683,46192
1684,30432
1685,17840
1686,21184
1687,15840
1688,101680
1689,43280
1690,26736
1691,45904
1692,46208
1693,41952
1694,29904
1695,17312
1696,23440
1697,11328
1698,38256
1699,41952
1700,27136
1701,48192
1702,34064
1703,116144
1704,27088
1705,15584
1706,22912
1707,11328
1708,37728
1709,38000
1710,21552
1711,55344
1712,43824
1713,48048
1714,23008
1715,17840
1716,22912
1717,9632
1718,37328
1719,111888
1720,30880
1721,42464
1722,47664
1723,44336
1724,26880
1725,14640
1726,23440
1727,14112
1728,42800
1729,37824
1730,32688
1731,47664
1732,42928
1733,42048
1734,92000
1735,15056
1736,23440
1737,13184
1738,40512
1739,41040
1740,27120
1741,48992
1742,42496
1743,43808
1744,22880
1745,14960
1746,21952
1747,14112
1748,39184
1749,107632
1750,24752
1751,45152
1752,45808
1753,40624
1754,31104
1755,18272
1756,22480
1757,14112
1758,31760
1759,43808
1760,23408
1761,45696
1762,45808
1763,46192
1764,30832
1765,84976
1766,22912
1767,13584
1768,34544
1769,43408
1770,26480
1771,49520
1772,41072
1773,43376
1774,30304
1775,15056
1776,23440
1777,13584
1778,32688
1779,47520
1780,94800
1781,48064
1782,43952
1783,46192
1784,24736
1785,10464
1786,28032
1787,6208
1788,50272
1789,23632
1790,30656
1791,44352
1792,49520
1793,40624
1794,23200
1795,89056
1796,23440
1797,12384
1798,37728
1799,39696
1800,27136
1801,41968
1802,44880
1803,49504
1804,27120
1805,15056
1806,23344
1807,14112
1808,31728
1809,45696
1810,24848
1811,119072
1812,42464
1813,42480
1814,32288
1815,17312
1816,21328
1817,14112
1818,35344
1819,43808
1820,26736
1821,41968
1822,49520
1823,41056
1824,28976
1825,16352
1826,92592
1827,13680
1828,43296
1829,36384
1830,22096
1831,47664
1832,45152
1833,70528
1834,19696
1835,22912
1836,11856
1837,30304
1838,47120
1839,23952
1840,115072
1841,42496
1842,48976
1843,28976
1844,15584
1845,2256
1846,0
1847,0
1848,3552
1849,10656
1850,3552
1851,0
1852,4992
1853,12112
1854,6112
1855,15360
1856,0
1857,0
1858,4112
1859,3552
1860,0
1861,0
1862,11808
1863,0
1864,3552
1865,4112
1866,0
1867,0
1868,3552
1869,0
1870,0
1871,0
1872,1728
1873,336
1874,336
1875,11552
1876,3888
1877,3296
1878,0
1879,896
1880,5024
1881,336
1882,336
1883,336
1884,3632
1885,1008
1886,672
1887,672
1888,2064
1889,672
1890,336
1891,672
1892,3200
1893,3872
1894,672
1895,3408
1896,3536
1897,3024
1898,2688
1899,1680
1900,3376
1901,1184
1902,4080
1903,3536
1904,3360
1905,3616
1906,3616
1907,3712
1908,2576
1909,3648
1910,672
1911,1008
1912,3024
1913,3456
1914,2016
1915,3456
1916,3552
1917,2016
1918,2688
1919,2448
1920,2352
1921,2112
1922,1200
1923,3360
1924,3456
1925,3696
1926,1008
1927,1680
1928,3024
1929,3024
1930,1344
1931,2016
1932,1008
1933,336
1934,2688
1935,2352
1936,3024
1937,672
1938,1680
1939,3024
1940,3024
1941,1344
1942,2016
1943,672
1944,1344
1945,3024
1946,2352
1947,1344
1948,2352
1949,2016
1950,2688
1951,3024
1952,2016
1953,1344
1954,672
1955,1344
1956,3024
1957,2352
1958,1344
1959,2352
1960,2352
1961,2352
1962,3024
1963,1344
1964,2016
1965,1904
1966,672
1967,3024
1968,2352
1969,2688
1970,1008
1971,3408
1972,3024
1973,3024
1974,1344
1975,2016
1976,1344
1977,672
1978,3024
1979,4416
1980,3360
1981,1008
1982,2016
1983,3360
1984,3360
1985,2016
1986,1344
1987,2400
1988,1344
1989,3024
1990,10664
1991,1344
1992,2352
1993,2352
1994,4080
1995,3696
1996,2016
1997,1344
1998,672
1999,1344
2000,4080
2001,7848
2002,3464
2003,2352
2004,2352
2005,2352
2006,3024
2007,1776
2008,3312
2009,1344
2010,672
2011,3024
2012,3840
2013,3024
2014,672
2015,2976
2016,4304
2017,4304
2018,1776
2019,3296
2020,1344
2021,1104
2022,4944
2023,3632
2024,3456
2025,672
2026,1680
2027,3456
2028,3888
2029,2448
2030,1344
2031,1952
2032,4112
2033,3024
2034,3632
2035,2640
2036,2352
2037,2352
2038,2784
2039,3024
2040,2016
2041,2208
2042,2160
2043,1344
2044,3456
2045,8240
2046,1344
2047,3024
2048,3648
2049,2784
2050,3024
2051,1344
2052,2016
2053,1344
2054,1104
2055,4944
2056,2784
2057,3024
2058,672
2059,1680
2060,3456
2061,3024
2062,2640
2063,2016
2064,1344
2065,672
2066,4512
2067,2352
2068,3456
2069,1536
2070,1680
2071,3456
2072,3024
2073,2016
2074,2336
2075,1536
2076,2400
2077,3456
2078,2352
2079,1776
2080,2352
2081,3216
2082,2352
2083,3456
2084,2016
2085,1776
2086,1728
2087,2208
2088,54192
2089,39648
2090,1344
2091,2784
2092,2352
2093,2784
2094,3888
2095,1344
2096,3504
2097,2400
2098,1728
2099,3552
2100,2880
2101,3024
2102,2192
2103,2864
2104,3616
2105,4928
2106,2752
2107,92640
2108,1344
2109,672
2110,3024
2111,2912
2112,3616
2113,1008
2114,2016
2115,3360
2116,3024
2117,2016
2118,1904
2119,672
2120,3040
2121,184192
2122,2352
2123,1344
2124,2352
2125,1680
2126,3024
2127,3024
2128,2016
2129,1344
2130,672
2131,1344
2132,3360
2133,3536
2134,3680
2135,2352
2136,4128
2137,2352
2138,3696
2139,1344
2140,181264
2141,1008
2142,1008
2143,3024
2144,2352
2145,1344
2146,2352
2147,1680
2148,5376
2149,1344
2150,2016
2151,1344
2152,1344
2153,1344
2154,290240
2155,438464
2156,186144
2157,370416
2158,344696
2159,164760
2160,147584
2161,39248
2162,18832
2163,27328
2164,26000
2165,46944
2166,36752
2167,23552
2168,25664
2169,23008
2170,28032
2171,47808
2172,19088
2173,9192
2174,23784
2175,20416
2176,18576
2177,48800
2178,48976
2179,23552
2180,38808
2181,13176
2182,21984
2183,41904
2184,22848
2185,36320
2186,21416
2187,43744
2188,28360
2189,22992
2190,32304
2191,37840
2192,17352
2193,47696
2194,20616
2195,13600
2196,30224
2197,22200
2198,43760
2199,47456
2200,26736
2201,29880
2202,20080
2203,27192
2204,37856
2205,20176
2206,34376
2207,21856
2208,28368
2209,40472
2210,47488
2211,22992
2212,26616
2213,41616
2214,12456
2215,16912
2216,26448
2217,26760
2218,26544
2219,46928
2220,46496
2221,14504
2222,24320
2223,24760
2224,33120
2225,36016
2226,14784
2227,34456
2228,19104
2229,11576
2230,46944
2231,48784
2232,34016
2233,38400
2234,12648
2235,21048
2236,31760
2237,19840
2238,36320
2239,25216
2240,41800
2241,30744
2242,27040
2243,38880
2244,34128
2245,17960
2246,41568
2247,20720
2248,12824
2249,39520
2250,32096
2251,43656
2252,46600
2253,23904
2254,27920
2255,22464
2256,40152
2257,20368
2258,6008
2259,34672
2260,24224
2261,39504
2262,36760
2263,40608
2264,24856
2265,33136
2266,29456
2267,22992
2268,19752
2269,30856
2270,20624
2271,47472
2272,39056
2273,34920
2274,25776
2275,37288
2276,19616
2277,34672
2278,23200
2279,16536
2280,46128
2281,20520
2282,46928
2283,46144
2284,23000
2285,33488
2286,15816
2287,35808
2288,23024
2289,30432
2290,32760
2291,22016
2292,32984
2293,43744
2294,35040
2295,39232
2296,16872
2297,37216
2298,15832
2299,22768
2300,44480
2301,24008
2302,43408
2303,39248
2304,26152
2305,23344
2306,32080
2307,33064
2308,28128
2309,20616
2310,34752
2311,28608
2312,35984
2313,37224
2314,42536
2315,23328
2316,16064
2317,34656
2318,19368
2319,35760
2320,21208
2321,30464
2322,29968
2323,35456
2324,36424
2325,27248
2326,39144
2327,26528
2328,27936
2329,23288
2330,18816
2331,39688
2332,29136
2333,46592
2334,36864
2335,23976
2336,42112
2337,16344
2338,40048
2339,18320
2340,27936
2341,29864
2342,29384
2343,42352
2344,43936
2345,29632
2346,37952
2347,16008
2348,36776
2349,17792
2350,33952
2351,28328
2352,31632
2353,38176
2354,34568
2355,26720
2356,43968
2357,19720
2358,33696
2359,17792
2360,27000
2361,35840
2362,33048
2363,38616
2364,33048
2365,27160
2366,40256
2367,21136
2368,36984
2369,16552
2370,21928
2371,34376
2372,27088
2373,48784
2374,35432
2375,27496
2376,32216
2377,23960
2378,40240
2379,18424
2380,23008
2381,33488
2382,20104
2383,38176
2384,43744
2385,36248
2386,37408
2387,20160
2388,14776
2389,43888
2390,17424
2391,42024
2392,10104
2393,38808
2394,36760
2395,43232
2396,451768
2397,29424
2398,29528
2399,22032
2400,18256
2401,49120
2402,22936
2403,43744
2404,31632
2405,34376
2406,26528
2407,36880
2408,29336
2409,25320
2410,14968
2411,30360
2412,34688
2413,35096
2414,43744
2415,38104
2416,18112
2417,38736
2418,28896
2419,25656
2420,15056
2421,43080
2422,24432
2423,30944
2424,42880
2425,34904
2426,27496
2427,37320
2428,16344
2429,34480
2430,19560
2431,40256
2432,25848
2433,34568
2434,35896
2435,44752
2436,25656
2437,31280
2438,33488
2439,21944
2440,15392
2441,48016
2442,17896
2443,43320
2444,34040
2445,30856
2446,51240
2447,40368
2448,28040
2449,16360
2450,37848
2451,29456
2452,36424
2453,42880
2454,35912
2455,12032
2456,45200
2457,28896
2458,25128
2459,4504
2460,41832
2461,24328
2462,40560
2463,40136
2464,35472
2465,32216
2466,23960
2467,29000
2468,25216
2469,15832
2470,47488
2471,18760
2472,41440
2473,41888
2474,34056
2475,35488
2476,21664
2477,35008
2478,17896
2479,20960
2480,43416
2481,27600
2482,44184
2483,36232
2484,27496
2485,40256
2486,16536
2487,35984
2488,17896
2489,21504
2490,42448
2491,24328
2492,47456
2493,41800
2494,21928
2495,37320
2496,19808
2497,36424
2498,18784
2499,25320
2500,36968
2501,24328
2502,45512
2503,38976
2504,25728
2505,45272
2506,13960
2507,34568
2508,17368
2509,32320
2510,36984
2511,25816
2512,38616
2513,41360
2514,23256
2515,44304
2516,16344
2517,34920
2518,19224
2519,30888
2520,34688
2521,32800
2522,37752
2523,38528
2524,20432
2525,43416
2526,23344
2527,27480
2528,19560
2529,31944
2530,34688
2531,33240
2532,42880
2533,38296
2534,25112
2535,34120
2536,27496
2537,27056
2538,19632
2539,43216
2540,23992
2541,37312
2542,35896
2543,41568
2544,31944
2545,25624
2546,28824
2547,25112
2548,15920
2549,48544
2550,20616
2551,40136
2552,33512
2553,36712
2554,33360
2555,25376
2556,30080
2557,20872
2558,19872
2559,45272
2560,23888
2561,42088
2562,39096
2563,32728
2564,21128
2565,35664
2566,37856
2567,4640
2568,20432
2569,41832
2570,20088
2571,47984
2572,43672
2573,26104
2574,35400
2575,19280
2576,38296
2577,15584
2578,28840
2579,36264
2580,19256
2581,46040
2582,41376
2583,27056
2584,43520
2585,16624
2586,36440
2587,15496
2588,31776
2589,33608
2590,26152
2591,44200
2592,40832
2593,20872
2594,43776
2595,18392
2596,32728
2597,15496
2598,30360
2599,34160
2600,34992
2601,40928
2602,38088
2603,22816
2604,41032
2605,25200
2606,25288
2607,18168
2608,36456
2609,24864
2610,42520
2611,45088
2612,32536
2613,33080
2614,24296
2615,33064
2616,20960
2617,21064
2618,44424
2619,22104
2620,48992
2621,38312
2622,24144
2623,41560
2624,14488
2625,39960
2626,437960
2627,21488
2628,43456
2629,27144
2630,42448
2631,47760
2632,23448
2633,44304
2634,21912
2635,31208
2636,13448
2637,30712
2638,33952
2639,32272
2640,42008
2641,37752
2642,19736
2643,40696
2644,23328
2645,32624
2646,17176
2647,18416
2648,44544
2649,28008
2650,46608
2651,33272
2652,24776
2653,36984
2654,21576
2655,33152
2656,17264
2657,33608
2658,29352
2659,32520
2660,37336
2661,42320
2662,22984
2663,33256
2664,23448
2665,35936
2666,18232
2667,38736
2668,15352
2669,39944
2670,36808
2671,38616
2672,32848
2673,29088
2674,32728
2675,19720
2676,17368
2677,31224
2678,30768
2679,43744
2680,39072
2681,36776
2682,29368
2683,29088
2684,32288
2685,19720
2686,16840
2687,36120
2688,29352
2689,38704
2690,45616
2691,36248
2692,25568
2693,31280
2694,29016
2695,22992
2696,16840
2697,44408
2698,20264
2699,42856
2700,41376
2701,34480
2702,39704
2703,19256
2704,36776
2705,15480
2706,18256
2707,49024
2708,18304
2709,41992
2710,43232
2711,26440
2712,44304
2713,20056
2714,33064
2715,13976
2716,21592
2717,45840
2718,29088
2719,45720
2720,31296
2721,24144
2722,38648
2723,22800
2724,34480
2725,17176
2726,14400
2727,266152
2728,25920
2729,49520
2730,41024
2731,22920
2732,39616
2733,12632
2734,40048
2735,16736
2736,26472
2737,38872
2738,17864
2739,39608
2740,45808
2741,27248
2742,40616
2743,17928
2744,37744
2745,15392
2746,22288
2747,40064
2748,32248
2749,37408
2750,35368
2751,26720
2752,48224
2753,22632
2754,31824
2755,14416
2756,17160
2757,46160
2758,29952
2759,38536
2760,40664
2761,16824
2762,39656
2763,22192
2764,38384
2765,15032
2766,26456
2767,34544
2768,25728
2769,49328
2770,42328
2771,18680
2772,44952
2773,14152
2774,39712
2775,15056
2776,27512
2777,35448
2778,25624
2779,38616
2780,45616
2781,26528
2782,42568
2783,16536
2784,37408
2785,13728
2786,26736
2787,37304
2788,27480
2789,45616
2790,29776
2791,28384
2792,46176
2793,20248
2794,35112
2795,16928
2796,15920
2797,43968
2798,28008
2799,45616
2800,39944
2801,23256
2802,38664
2803,19616
2804,36440
2805,13112
2806,27008
2807,35112
2808,23960
2809,49856
2810,38088
2811,20072
2812,49088
2813,20056
2814,33592
2815,13112
2816,28064
2817,35112
2818,31472
2819,41120
2820,37648
2821,21400
2822,47144
2823,20144
2824,35008
2825,3088
2826,31424
2827,39352
2828,6024
2829,50032
2830,48992
2831,18128
2832,40520
2833,20672
2834,41016
2835,14064
2836,29728
2837,33696
2838,12824
2839,35096
2840,43696
2841,37856
2842,40608
2843,21640
2844,24752
2845,29864
2846,17264
2847,34480
2848,25392
2849,43048
2850,33696
2851,32712
2852,26192
2853,44320
2854,26168
2855,28008
2856,16360
2857,18216
2858,44304
2859,32800
2860,42536
2861,38280
2862,23360
2863,36560
2864,22000
2865,37304
2866,14064
2867,28840
2868,35448
2869,20584
2870,51376
2871,41992
2872,21592
2873,44512
2874,23976
2875,29864
2876,13536
2877,27512
2878,37304
2879,31280
2880,45168
2881,35984
2882,23448
2883,44512
2884,16536
2885,36528
2886,13888
2887,16720
2888,43400
2889,22984
2890,46128
2891,48800
2892,6464
2893,33104
2894,25832
2895,32728
2896,21152
2897,16720
2898,43840
2899,16888
2900,42856
2901,43760
2902,32624
2903,45312
2904,15648
2905,29544
2906,23960
2907,16928
2908,38192
2909,25728
2910,43384
2911,31648
2912,29864
2913,24144
2914,47696
2915,25392
2916,27672
2917,14608
2918,15496
2919,30768
2920,29440
2921,46656
2922,44728
2923,28824
2924,24224
2925,36544
2926,29104
2927,27688
2928,17456
2929,33256
2930,28992
2931,41568
2932,72824
2933,21928
2934,45376
2935,23904
2936,31776
2937,20624
2938,16024
2939,38808
2940,22000
2941,36808
2942,30664
2943,33592
2944,44624
2945,26696
2946,37584
2947,18936
2948,16024
2949,23192
2950,29856
2951,38088
2952,48784
2953,24072
2954,30424
2955,39720
2956,26696
2957,30960
2958,17456
2959,37840
2960,15560
2961,26704
2962,41000
2963,41888
2964,35040
2965,39720
2966,24752
2967,30408
2968,15568
2969,18256
2970,38896
2971,29000
2972,42992
2973,29336
2974,30768
2975,43280
2976,26784
2977,39672
2978,15032
2979,14880
2980,27504
2981,22464
2982,58848
2983,42520
2984,21384
2985,34848
2986,27584
2987,37392
2988,18728
2989,16736
2990,36424
2991,16448
2992,36544
2993,47680
2994,38808
2995,24296
2996,38752
2997,30848
2998,25712
2999,13448
3000,20448
3001,36424
3002,34688
3003,44936
3004,32712
3005,22904
3006,45560
3007,19632
3008,38704
3009,13448
3010,13960
3011,33064
3012,14200
3013,47152
3014,49008
3015,25288
3016,19480
3017,41032
3018,23256
3019,31280
3020,17776
3021,35208
3022,17312
3023,34160
3024,42552
3025,45264
3026,28576
3027,32744
3028,28464
3029,26680
3030,15920
3031,30768
3032,25712
3033,44744
3034,37952
3035,32712
3036,22464
3037,46640
3038,30960
3039,22968
3040,19184
3041,13432
3042,40576
3043,34496
3044,45272
3045,40136
3046,17864
3047,37272
3048,25392
3049,37040
3050,16888
3051,20872
3052,35432
3053,25640
3054,21568
3055,336
3056,6144
3057,0
3058,0
3059,0
3060,6144
3061,336
3062,336
3063,896
3064,336
3065,336
3066,2096
3067,0
3068,38304
3069,261360
3070,33600
3071,25680
3072,46928
3073,22816
3074,24384
3075,17776
3076,11136
3077,11136
3078,23280
3079,46064
3080,48512
3081,29080
3082,12824
3083,23888
3084,38976
3085,28384
3086,41392
3087,11664
3088,13448
3089,21400
3090,21936
3091,42880
3092,51424
3093,38736
3094,41528
3095,28896
3096,27032
3097,22800
3098,11136
3099,10608
3100,38552
3101,49552
3102,44920
3103,880
3104,40496
3105,30488
3106,30224
3107,36320
3108,12192
3109,12984
3110,11136
3111,37224
3112,61296
3113,44480
3114,27264
3115,42520
3116,19968
3117,19000
3118,28368
3119,11136
3120,26424
3121,45888
3122,40672
3123,25032
3124,33328
3125,30448
3126,40936
3127,22800
3128,29456
3129,12984
3130,11136
3131,21744
3132,40760
3133,49072
3134,45008
3135,29648
3136,26168
3137,30328
3138,19088
3139,32608
3140,11136
3141,24656
3142,39512
3143,11912
3144,23024
3145,62656
3146,24576
3147,48208
3148,17144
3149,31992
3150,16256
3151,11664
3152,11136
3153,39792
3154,41016
3155,50128
3156,29608
3157,11856
3158,40528
3159,28064
3160,336
3161,6480
3162,336
3163,336
3164,336
3165,6480
3166,0
3167,0
3168,0
3169,0
3170,0
3171,336
3172,336
3173,6480
3174,336
3175,336
3176,336
3177,0
3178,0
3179,0
3180,0
3181,6144
3182,336
3183,336
3184,336
3185,336
3186,336
3187,336
3188,0
3189,6144
3190,0
3191,0
3192,0
3193,336
3194,1008
3195,336
3196,336
3197,6480
3198,336
3199,0
3200,0
3201,0
3202,1344
3203,0
3204,336
3205,6480
3206,336
3207,336
3208,336
3209,336
3210,6048
3211,0
3212,0
3213,6144
3214,0
3215,336
3216,336
3217,336
3218,2096
3219,336
3220,336
3221,300496
3222,11328
3223,14016
3224,25136
3225,46592
3226,36256
3227,23328
3228,26512
3229,22272
3230,47456
3231,30224
3232,31552
3233,17360
3234,0
3235,11856
3236,23280
3237,48256
3238,50672
3239,33136
3240,34904
3241,26504
3242,22800
3243,28256
3244,6144
3245,0
3246,6144
3247,0
3248,336
3249,336
3250,6480
3251,336
3252,336
3253,336
3254,0
3255,0
3256,0
3257,0
3258,6144
3259,336
3260,336
3261,336
3262,336
3263,336
3264,336
3265,0
3266,6144
3267,0
3268,0
3269,0
3270,336
3271,336
3272,336
3273,336
3274,6480
3275,336
3276,0
3277,0
3278,0
3279,672
3280,0
3281,2096
3282,38640
3283,204960
3284,71152
3285,28096
3286,42976
3287,13728
3288,12672
3289,27408
3290,20080
3291,12656
3292,37232
3293,48784
3294,51232
3295,39776
3296,32160
3297,22368
3298,12144
3299,12144
3300,12144
3301,36784
3302,28048
3303,47368
3304,32088
3305,9616
3306,61776
3307,23856
3308,41104
3309,13112
3310,12672
3311,12456
3312,23792
3313,21952
3314,46928
3315,39960
3316,53632
3317,28624
3318,23848
3319,31296
3320,12672
3321,13112
3322,34400
3323,23808
3324,40488
3325,23328
3326,33064
3327,51248
3328,32336
3329,41104
3330,15120
3331,13992
3332,11240
3333,25120
3334,28336
3335,46592
3336,49856
3337,47160
3338,29416
3339,12192
3340,37648
3341,14880
3342,13112
3343,36800
3344,21152
3345,18024
3346,39888
3347,49856
3348,34248
3349,41536
3350,40048
3351,3088
3352,11576
3353,12672
3354,36712
3355,22480
3356,46592
3357,42008
3358,39104
3359,36504
3360,16432
3361,40576
3362,14864
3363,13976
3364,33968
3365,25832
3366,15568
3367,48976
3368,45192
3369,52288
3370,23496
3371,26592
3372,22816
3373,15392
3374,14504
3375,43968
3376,21136
3377,35448
3378,28032
3379,52208
3380,43944
3381,25712
3382,28912
3383,15832
3384,14944
3385,22728
3386,60048
3387,47120
3388,42008
3389,43552
3390,22968
3391,32608
3392,20960
3393,16360
3394,25216
3395,25360
3396,12296
3397,46784
3398,36464
3399,48296
3400,32000
3401,34104
3402,22368
3403,13536
3404,15832
3405,31568
3406,27056
3407,38280
3408,33152
3409,44768
3410,48664
3411,22192
3412,33064
3413,15392
3414,14944
3415,25200
3416,35448
3417,32608
3418,40136
3419,56480
3420,38464
3421,17592
3422,37856
3423,16720
3424,15032
3425,36848
3426,20512
3427,25096
3428,46400
3429,44408
3430,50624
3431,24048
3432,29440
3433,15496
3434,15392
3435,17688
3436,40576
3437,32096
3438,35344
3439,33064
3440,57520
3441,24488
3442,39712
3443,16024
3444,14152
3445,15832
3446,39160
3447,20960
3448,47456
3449,44728
3450,47688
3451,26344
3452,21848
3453,29904
3454,15584
3455,21608
3456,39072
3457,15816
3458,40048
3459,48800
3460,55640
3461,26240
3462,27584
3463,26632
3464,15584
3465,15584
3466,42008
3467,15832
3468,44184
3469,44200
3470,58384
3471,22528
3472,38632
3473,13536
3474,6040
3475,38560
3476,28576
3477,26440
3478,40472
3479,45560
3480,45272
3481,23856
3482,30240
3483,16360
3484,14608
3485,26176
3486,29016
3487,33616
3488,47120
3489,43704
3490,43056
3491,19256
3492,38192
3493,15920
3494,16360
3495,33768
3496,21592
3497,34056
3498,46592
3499,57008
3500,30920
3501,22880
3502,33064
3503,13536
3504,15920
3505,42432
3506,14152
3507,36880
3508,37752
3509,50880
3510,42640
3511,33136
3512,21928
3513,15744
3514,13976
3515,35792
3516,20160
3517,43864
3518,45720
3519,46296
3520,33240
3521,34656
3522,20160
3523,16360
3524,17688
3525,32160
3526,20960
3527,43760
3528,45192
3529,52752
3530,26344
3531,26256
3532,28576
3533,15392
3534,15832
3535,41816
3536,15832
3537,33048
3538,46928
3539,55680
3540,30056
3541,31384
3542,23448
3543,15496
3544,15392
3545,41016
3546,19632
3547,40472
3548,42344
3549,44760
3550,36528
3551,30328
3552,23448
3553,15584
3554,16992
3555,38192
3556,18576
3557,42328
3558,28616
3559,70256
3560,14208
3561,29616
3562,25304
3563,15056
3564,16024
3565,42096
3566,13072
3567,45616
3568,42344
3569,52200
3570,29952
3571,38704
3572,16464
3573,15496
3574,13728
3575,40152
3576,18768
3577,47984
3578,33488
3579,42376
3580,43504
3581,26152
3582,28912
3583,15056
3584,14608
3585,26616
3586,32088
3587,35472
3588,47456
3589,55488
3590,31360
3591,15016
3592,38632
3593,15392
3594,15584
3595,36952
3596,19736
3597,29456
3598,41024
3599,53072
3600,45360
3601,2632
